{"cameraMode":{"drawMode":0,"name":"Shaded","section":"Shading Mode"},"sceneLighting":true,"audioPlay":false,"sceneViewState":{"m_AlwaysRefresh":false,"showFog":true,"showSkybox":true,"showFlares":true,"showImageEffects":true,"showParticleSystems":true,"showVisualEffectGraphs":true,"m_FxEnabled":true},"in2DMode":false,"pivot":{"x":350.1920166015625,"y":187.10040283203126,"z":-122.39471435546875},"rotation":{"x":0.01642696186900139,"y":0.9559725522994995,"z":-0.2878786325454712,"w":0.05454964190721512},"size":234.4204559326172,"orthographic":false}