{"cameraMode":{"drawMode":0,"name":"Shaded","section":"Shading Mode"},"sceneLighting":true,"audioPlay":false,"sceneViewState":{"m_AlwaysRefresh":false,"showFog":true,"showSkybox":true,"showFlares":true,"showImageEffects":true,"showParticleSystems":true,"showVisualEffectGraphs":true,"m_FxEnabled":true},"in2DMode":false,"pivot":{"x":46.155921936035159,"y":-12.555468559265137,"z":16.549184799194337},"rotation":{"x":-0.17235992848873139,"y":-0.7072023749351502,"z":0.18460239470005036,"w":-0.6604405045509338},"size":17.465024948120118,"orthographic":false}