{"cameraMode":{"drawMode":0,"name":"Shaded","section":"Shading Mode"},"sceneLighting":false,"audioPlay":false,"sceneViewState":{"m_AlwaysRefresh":false,"showFog":true,"showSkybox":false,"showFlares":true,"showImageEffects":true,"showParticleSystems":true,"showVisualEffectGraphs":true,"m_FxEnabled":true},"in2DMode":false,"pivot":{"x":-10.32264518737793,"y":1.714848518371582,"z":22.693540573120118},"rotation":{"x":0.07469243556261063,"y":0.9166114330291748,"z":-0.33562996983528139,"w":0.20401456952095033},"size":2.3193259239196779,"orthographic":false}