{"cameraMode":{"drawMode":0,"name":"Shaded","section":"Shading Mode"},"sceneLighting":false,"audioPlay":false,"sceneViewState":{"m_AlwaysRefresh":false,"showFog":true,"showSkybox":false,"showFlares":true,"showImageEffects":true,"showParticleSystems":true,"showVisualEffectGraphs":true,"m_FxEnabled":true},"in2DMode":false,"pivot":{"x":-10.969640731811524,"y":2.25606107711792,"z":23.387826919555665},"rotation":{"x":-0.020393460988998414,"y":0.9792188405990601,"z":-0.12701983749866486,"w":-0.15701833367347718},"size":2.6210787296295168,"orthographic":false}