{"cameraMode":{"drawMode":0,"name":"Shaded","section":"Shading Mode"},"sceneLighting":false,"audioPlay":false,"sceneViewState":{"m_AlwaysRefresh":false,"showFog":true,"showSkybox":false,"showFlares":true,"showImageEffects":true,"showParticleSystems":true,"showVisualEffectGraphs":true,"m_FxEnabled":true},"in2DMode":false,"pivot":{"x":-11.20811939239502,"y":2.695291042327881,"z":22.42954444885254},"rotation":{"x":-0.00002028810376941692,"y":0.8270569443702698,"z":-0.5621838569641113,"w":0.000013296343240654096},"size":3.0119094848632814,"orthographic":false}