{"cameraMode":{"drawMode":0,"name":"Shaded","section":"Shading Mode"},"sceneLighting":false,"audioPlay":false,"sceneViewState":{"m_AlwaysRefresh":false,"showFog":true,"showSkybox":false,"showFlares":true,"showImageEffects":true,"showParticleSystems":true,"showVisualEffectGraphs":true,"m_FxEnabled":true},"in2DMode":false,"pivot":{"x":-6.295708179473877,"y":5.227561950683594,"z":22.6516170501709},"rotation":{"x":0.4897647500038147,"y":-0.002621831139549613,"z":0.0014667987124994398,"w":0.8718721270561218},"size":0.32339954376220705,"orthographic":false}